"","Date","Competition","Rival","HomeScore","AwayScore","Ground","DerryHome","DerryWin","District"
"1",1987-08-23,"LC Group C","Finn HarpsHarps","2","1","The Ryan McBride Brandywell Stadium",1,1,"Derry"
"2",1987-08-30,"LC Group C","Fanad UnitedFAN","2","3","The Ryan McBride Brandywell Stadium",1,0,"Derry"
"3",1987-08-31,"LC Group C","Sligo RoversSligo","2","0","The Showgrounds",0,0,"Other"
"4",1987-09-13,"Prem","Bray WanderersBray","0","0","The Ryan McBride Brandywell Stadium",1,0,"Derry"
"5",1987-09-20,"Prem","WaterfordWaterford","1","3","Regional Sports Centre",0,1,"Other"
"6",1987-09-27,"Prem","Cork CityCork","7","2","The Ryan McBride Brandywell Stadium",1,1,"Derry"
"7",1987-10-04,"Prem","Galway United (ex)Galway United","1","3","Terryland Park",0,1,"Other"
"8",1987-10-11,"Prem","Limerick CityLimerick City","5","0","The Ryan McBride Brandywell Stadium",1,1,"Derry"
"9",1987-10-18,"Prem","St. Patrick's AthleticSt. Pats","0","3","Richmond Park",0,1,"Other"
"10",1987-10-25,"Prem","ShelbourneShels","0","0","The Ryan McBride Brandywell Stadium",1,0,"Derry"
"11",1987-10-26,"Prem","Shamrock RoversShamrock R","1","2","Tallaght Stadium",0,1,"Other"
"12",1987-11-01,"Prem","BohemiansBohs","3","2","The Ryan McBride Brandywell Stadium",1,1,"Derry"
"13",1987-11-08,"Prem","DundalkDundalk","0","2","Oriel Park",0,1,"Other"
"14",1987-11-15,"Prem","Sligo RoversSligo","3","0","The Showgrounds",0,0,"Other"
"15",1987-11-22,"Prem","Sligo RoversSligo","4","0","The Ryan McBride Brandywell Stadium",1,1,"Derry"
"16",1987-11-29,"Prem","Bray WanderersBray","6","0","The Ryan McBride Brandywell Stadium",1,1,"Derry"
"17",1987-12-06,"Prem","WaterfordWaterford","1","2","The Ryan McBride Brandywell Stadium",1,0,"Derry"
"18",1987-12-13,"Prem","Cork CityCork","0","1","Turners Cross",0,1,"Other"
"19",1987-12-20,"Prem","Galway United (ex)Galway United","3","0","The Ryan McBride Brandywell Stadium",1,1,"Derry"
"20",1987-12-27,"Prem","Limerick CityLimerick City","2","2","No Ground",0,0,"Other"
"21",1987-12-28,"Prem","St. Patrick's AthleticSt. Pats","0","3","The Ryan McBride Brandywell Stadium",1,0,"Derry"
"22",1988-01-03,"Prem","BohemiansBohs","1","3","Dalymount Park",0,1,"Other"
"23",1988-01-10,"Prem","DundalkDundalk","3","0","The Ryan McBride Brandywell Stadium",1,1,"Derry"
"24",1988-01-17,"Prem","ShelbourneShels","1","0","Tolka Park",0,0,"Other"
"25",1988-01-24,"Prem","Shamrock RoversShamrock R","0","1","The Ryan McBride Brandywell Stadium",1,0,"Derry"
"26",1988-01-31,"Prem","Bray WanderersBray","1","0","Carlisle Grounds",0,0,"Other"
"27",1988-02-07,"Prem","WaterfordWaterford","0","0","Regional Sports Centre",0,0,"Other"
"28",1988-02-14,"FAI CUP R4","St Joseph'sSt Joseph's","6","0","The Ryan McBride Brandywell Stadium",1,1,"Derry"
"29",1988-02-21,"Prem","Cork CityCork","0","1","The Ryan McBride Brandywell Stadium",1,0,"Derry"
"30",1988-02-28,"Prem","Galway United (ex)Galway United","1","1","Terryland Park",0,0,"Other"
"31",1988-03-06,"FAI CUP R5","BohemiansBohs","0","0","The Ryan McBride Brandywell Stadium",1,0,"Derry"
"32",1988-03-10,"FAI CUP R5","BohemiansBohs","4","1","Dalymount Park",0,0,"Other"
"33",1988-03-13,"Prem","Limerick CityLimerick City","3","2","The Ryan McBride Brandywell Stadium",1,1,"Derry"
"34",1988-03-17,"Prem","St. Patrick's AthleticSt. Pats","0","1","Richmond Park",0,1,"Other"
"35",1988-03-20,"Prem","ShelbourneShels","0","3","The Ryan McBride Brandywell Stadium",1,0,"Derry"
"36",1988-03-27,"FAI CUP QF","Home FarmHFM","3","0","Tolka Park",0,0,"Other"
"37",1988-04-02,"Prem","BohemiansBohs","0","1","The Ryan McBride Brandywell Stadium",1,0,"Derry"
"38",1988-04-04,"Prem","DundalkDundalk","2","3","Oriel Park",0,1,"Other"
"39",1988-04-06,"Prem","Shamrock RoversShamrock R","3","1","Tallaght Stadium",0,0,"Other"
"40",1988-04-10,"FAI CUP SF","Longford TownLongford","2","0","Abbeycartron",0,0,"Other"
"41",1988-04-17,"FAI CUP SF","Longford TownLongford","4","2","The Ryan McBride Brandywell Stadium",1,1,"Derry"
"42",1988-04-24,"Prem","Sligo RoversSligo","7","2","The Showgrounds",0,0,"Other"
"43",1988-05-01,"FAI CUP F","DundalkDundalk","0","1","Dalymount Park",0,1,"Other"
"44",1988-08-14,"LC Group 3","Finn HarpsHarps","0","0","Finn Park",0,0,"Other"
"45",1988-08-18,"LC Group 3","Fanad UnitedFAN","1","1","Tragh-a-Lough",0,0,"Other"
"46",1988-08-21,"LC Group 3","Sligo RoversSligo","4","2","The Ryan McBride Brandywell Stadium",1,1,"Derry"
"47",1988-08-28,"LC QF","Athlone TownAthlone","0","0","Athlone Town Stadium",0,0,"Other"
"48",1988-09-04,"Prem","DundalkDundalk","1","1","The Ryan McBride Brandywell Stadium",1,0,"Derry"
"49",1988-09-07,"ECWC R1","Cardiff CityCARD","0","0","The Ryan McBride Brandywell Stadium",1,0,"Derry"
"50",1988-09-11,"Prem","BohemiansBohs","2","0","Dalymount Park",0,0,"Other"
"51",1988-09-18,"Prem","LimerickLimerick","1","1","Markets Field",0,0,"Other"
"52",1988-09-21,"LC SF","St. Patrick's AthleticSt. Pats","4","2","The Ryan McBride Brandywell Stadium",1,1,"Derry"
"53",1988-09-25,"Prem","St. Patrick's AthleticSt. Pats","1","0","The Ryan McBride Brandywell Stadium",1,1,"Derry"
"54",1988-10-02,"Prem","Cork CityCork","1","0","Turners Cross",0,0,"Other"
"55",1988-10-05,"ECWC R1","Cardiff CityCARD","0","4","Cardiff City Stadium",0,1,"Other"
"56",1988-10-09,"Prem","Galway UnitedGalway","5","1","The Ryan McBride Brandywell Stadium",1,1,"Derry"
"57",1988-10-13,"LC Final","DundalkDundalk","4","0","Oriel Park",0,0,"Other"
"58",1988-10-16,"Prem","Athlone TownAthlone","0","1","Athlone Town Stadium",0,1,"Other"
"59",1988-10-23,"Prem","WaterfordWaterford","2","0","The Ryan McBride Brandywell Stadium",1,1,"Derry"
"60",1988-10-30,"Prem","ShelbourneShels","5","0","Tolka Park",0,0,"Other"
"61",1988-10-31,"Prem","Shamrock RoversShamrock R","1","1","The Ryan McBride Brandywell Stadium",1,0,"Derry"
"62",1988-11-06,"Prem","Cobh RamblersCobh","5","0","The Ryan McBride Brandywell Stadium",1,1,"Derry"
"63",1988-11-13,"Prem","Cobh RamblersCobh","5","2","St. Colman's Park",0,0,"Other"
"64",1988-11-20,"Prem","DundalkDundalk","1","1","Oriel Park",0,0,"Other"
"65",1988-11-27,"Prem","BohemiansBohs","3","0","The Ryan McBride Brandywell Stadium",1,1,"Derry"
"66",1988-12-04,"Prem","LimerickLimerick","1","1","The Ryan McBride Brandywell Stadium",1,0,"Derry"
"67",1988-12-11,"Prem","St. Patrick's AthleticSt. Pats","0","1","Richmond Park",0,1,"Other"
"68",1988-12-18,"Prem","Cork CityCork","4","2","The Ryan McBride Brandywell Stadium",1,1,"Derry"
"69",1988-12-26,"Prem","Galway UnitedGalway","3","0","Eamonn Deacy Park",0,0,"Other"
"70",1988-12-28,"Prem","Athlone TownAthlone","3","0","The Ryan McBride Brandywell Stadium",1,1,"Derry"
"71",1989-01-04,"First","Longford TownLongford","5","1","Bishopsgate",0,0,"Other"
"72",1989-01-11,"First","EMFAemfa","2","0","Buckley Park",0,0,"Other"
"73",1989-01-18,"First","Monaghan UnitedMonaghan","3","1","The Ryan McBride Brandywell Stadium",1,1,"Derry"
"74",1989-01-25,"First","ShelbourneShels","2","1","Tolka Park",0,0,"Other"
"75",1989-02-01,"FAI CUP R4","ShelbourneShels","2","2","Harold's Cross",0,0,"Other"
"76",1989-02-08,"First","Drogheda UnitedDrogheda","3","1","The Ryan McBride Brandywell Stadium",1,1,"Derry"
"77",1989-02-12,"FAI CUP R4","ShelbourneShels","4","0","The Ryan McBride Brandywell Stadium",1,1,"Derry"
"78",1989-02-15,"First","Newcastlewestnewutd","5","1","The Ryan McBride Brandywell Stadium",1,1,"Derry"
"79",1989-02-22,"First","Finn HarpsHarps","4","1","Finn Park",0,0,"Other"
"80",1989-03-01,"FAI CUP R5","Cork CityCork","3","1","Turners Cross",0,0,"Other"
"81",1989-03-15,"FAI CUP QF","BohemiansBohs","1","2","Dalymount Park",0,1,"Other"
"82",1989-08-23,"LC Group C","Finn HarpsHarps","2","1","The Ryan McBride Brandywell Stadium",1,1,"Derry"
"83",1989-08-30,"LC Group C","Fanad UnitedFAN","2","3","The Ryan McBride Brandywell Stadium",1,0,"Derry"
"84",1989-08-31,"LC Group C","Sligo RoversSligo","2","0","The Showgrounds",0,0,"Other"
"85",1989-09-13,"Prem","Bray WanderersBray","0","0","The Ryan McBride Brandywell Stadium",1,0,"Derry"
"86",1989-09-20,"Prem","WaterfordWaterford","1","3","Regional Sports Centre",0,1,"Other"
"87",1989-09-27,"Prem","Cork CityCork","7","2","The Ryan McBride Brandywell Stadium",1,1,"Derry"
"88",1989-10-04,"Prem","Galway United (ex)Galway United","1","3","Terryland Park",0,1,"Other"
"89",1989-10-11,"Prem","Limerick CityLimerick City","5","0","The Ryan McBride Brandywell Stadium",1,1,"Derry"
"90",1989-10-18,"Prem","St. Patrick's AthleticSt. Pats","0","3","Richmond Park",0,1,"Other"
"91",1989-10-25,"Prem","ShelbourneShels","0","0","The Ryan McBride Brandywell Stadium",1,0,"Derry"
"92",1989-10-26,"Prem","Shamrock RoversShamrock R","1","2","Tallaght Stadium",0,1,"Other"
"93",1989-11-01,"Prem","BohemiansBohs","3","2","The Ryan McBride Brandywell Stadium",1,1,"Derry"
"94",1989-11-08,"Prem","DundalkDundalk","0","2","Oriel Park",0,1,"Other"
"95",1989-11-15,"Prem","Sligo RoversSligo","3","0","The Showgrounds",0,0,"Other"
"96",1989-11-22,"Prem","Sligo RoversSligo","4","0","The Ryan McBride Brandywell Stadium",1,1,"Derry"
"97",1989-11-29,"Prem","Bray WanderersBray","6","0","The Ryan McBride Brandywell Stadium",1,1,"Derry"
"98",1989-12-06,"Prem","WaterfordWaterford","1","2","The Ryan McBride Brandywell Stadium",1,0,"Derry"
"99",1989-12-13,"Prem","Cork CityCork","0","1","Turners Cross",0,1,"Other"
"100",1989-12-20,"Prem","Galway United (ex)Galway United","3","0","The Ryan McBride Brandywell Stadium",1,1,"Derry"
"101",1989-12-27,"Prem","Limerick CityLimerick City","2","2","No Ground",0,0,"Other"
"102",1989-12-28,"Prem","St. Patrick's AthleticSt. Pats","0","3","The Ryan McBride Brandywell Stadium",1,0,"Derry"
"103",1990-01-07,"Prem","St. Patrick's AthleticSt. Pats","0","1","The Ryan McBride Brandywell Stadium",1,0,"Derry"
"104",1990-01-14,"Prem","Drogheda UnitedDrogheda","0","2","United Park",0,1,"Other"
"105",1990-01-21,"Prem","BohemiansBohs","1","0","The Ryan McBride Brandywell Stadium",1,1,"Derry"
"106",1990-01-28,"Prem","Athlone TownAthlone","1","0","Athlone Town Stadium",0,0,"Other"
"107",1990-01-31,"Prem","DundalkDundalk","0","0","The Ryan McBride Brandywell Stadium",1,0,"Derry"
"108",1990-02-04,"Prem","ShelbourneShels","1","1","The Ryan McBride Brandywell Stadium",1,0,"Derry"
"109",1990-02-11,"Prem","DundalkDundalk","3","1","Oriel Park",0,0,"Other"
"110",1990-02-18,"Prem","Shamrock RoversShamrock R","1","1","The Ryan McBride Brandywell Stadium",1,0,"Derry"
"111",1990-02-25,"Prem","Cork CityCork","0","2","Turners Cross",0,1,"Other"
"112",1990-03-04,"Prem","Galway UnitedGalway","3","0","The Ryan McBride Brandywell Stadium",1,1,"Derry"
"113",1990-03-11,"FAI CUP R1","Longford TownLongford","1","0","The Ryan McBride Brandywell Stadium",1,1,"Derry"
"114",1990-03-18,"Prem","UCDUCD","3","0","The Ryan McBride Brandywell Stadium",1,1,"Derry"
"115",1990-03-25,"FAI CUP R2","UCDUCD","2","0","The Ryan McBride Brandywell Stadium",1,1,"Derry"
"116",1990-04-01,"Prem","St. Patrick's AthleticSt. Pats","1","1","Richmond Park",0,0,"Other"
"117",1990-04-08,"FAI CUP QF","St. Patrick's AthleticSt. Pats","1","1","The Ryan McBride Brandywell Stadium",1,0,"Derry"
"118",1990-04-11,"FAI CUP QF","St. Patrick's AthleticSt. Pats","1","1","Harold's Cross",0,0,"Other"
"119",1990-04-15,"Prem","Drogheda UnitedDrogheda","2","2","The Ryan McBride Brandywell Stadium",1,0,"Derry"
"120",1990-04-16,"Prem","BohemiansBohs","0","0","Dalymount Park",0,0,"Other"
"121",1990-04-22,"FAI CUP SF","Bray WanderersBray","1","2","Carlisle Grounds",0,1,"Other"
"122",1990-04-29,"Prem","LimerickLimerick","7","0","The Ryan McBride Brandywell Stadium",1,1,"Derry"
"123",1990-09-02,"Prem","BohemiansBohs","1","1","The Ryan McBride Brandywell Stadium",1,0,"Derry"
"124",1990-09-09,"Prem","Sligo RoversSligo","0","0","The Showgrounds",0,0,"Other"
"125",1990-09-16,"Prem","St. Patrick's AthleticSt. Pats","0","1","The Ryan McBride Brandywell Stadium",1,0,"Derry"
"126",1990-09-23,"Prem","WaterfordWaterford","2","0","Regional Sports Centre",0,0,"Other"
"127",1990-09-29,"Prem","Galway United (ex)Galway United","1","3","Terryland Park",0,1,"Other"
"128",1990-10-07,"Prem","Cork CityCork","0","0","The Ryan McBride Brandywell Stadium",1,0,"Derry"
"129",1990-10-14,"Prem","Shamrock RoversShamrock R","1","1","Tallaght Stadium",0,0,"Other"
"130",1990-10-21,"Prem","DundalkDundalk","0","1","The Ryan McBride Brandywell Stadium",1,0,"Derry"
"131",1990-10-26,"Prem","ShelbourneShels","0","1","Tolka Park",0,1,"Other"
"132",1990-11-03,"Prem","Athlone TownAthlone","5","0","The Ryan McBride Brandywell Stadium",1,1,"Derry"
"133",1990-11-11,"Prem","Limerick CityLimerick City","4","0","No Ground",0,0,"Other"
"134",1990-11-18,"Prem","Limerick CityLimerick City","1","0","The Ryan McBride Brandywell Stadium",1,1,"Derry"
"135",1990-11-25,"Prem","BohemiansBohs","0","0","Dalymount Park",0,0,"Other"
"136",1990-12-01,"Prem","Sligo RoversSligo","1","1","The Ryan McBride Brandywell Stadium",1,0,"Derry"
"137",1990-12-09,"Prem","St. Patrick's AthleticSt. Pats","0","1","Richmond Park",0,1,"Other"
"138",1990-12-16,"Prem","WaterfordWaterford","6","2","The Ryan McBride Brandywell Stadium",1,1,"Derry"
"139",1990-12-26,"Prem","Galway United (ex)Galway United","6","1","The Ryan McBride Brandywell Stadium",1,1,"Derry"
"140",1991-01-01,"Prem","Cork CityCork","1","1","Turners Cross",0,0,"Other"
"141",1991-01-06,"Prem","Shamrock RoversShamrock R","0","0","The Ryan McBride Brandywell Stadium",1,0,"Derry"
"142",1991-01-13,"Prem","DundalkDundalk","0","1","Oriel Park",0,1,"Other"
"143",1991-01-20,"Prem","ShelbourneShels","2","0","The Ryan McBride Brandywell Stadium",1,1,"Derry"
"144",1991-01-27,"Prem","Athlone TownAthlone","4","1","Athlone Town Stadium",0,0,"Other"
"145",1991-02-03,"Prem","BohemiansBohs","2","1","The Ryan McBride Brandywell Stadium",1,1,"Derry"
"146",1991-02-10,"Prem","Sligo RoversSligo","0","0","The Showgrounds",0,0,"Other"
"147",1991-02-17,"Prem","St. Patrick's AthleticSt. Pats","1","0","The Ryan McBride Brandywell Stadium",1,1,"Derry"
"148",1991-02-24,"Prem","WaterfordWaterford","4","1","Regional Sports Centre",0,0,"Other"
"149",1991-03-03,"Prem","Galway United (ex)Galway United","1","2","Terryland Park",0,1,"Other"
"150",1991-03-17,"Prem","Cork CityCork","1","3","The Ryan McBride Brandywell Stadium",1,0,"Derry"
"151",1991-03-31,"Prem","Shamrock RoversShamrock R","5","2","Tallaght Stadium",0,0,"Other"
"152",1991-04-01,"Prem","DundalkDundalk","0","1","The Ryan McBride Brandywell Stadium",1,0,"Derry"
"153",1991-04-05,"Prem","ShelbourneShels","0","1","Tolka Park",0,1,"Other"
"154",1991-04-13,"Prem","Athlone TownAthlone","0","1","The Ryan McBride Brandywell Stadium",1,0,"Derry"
"155",1991-04-21,"Prem","Limerick CityLimerick City","2","0","No Ground",0,0,"Other"
"156",1991-09-01,"Prem","BohemiansBohs","1","0","Dalymount Park",0,0,"Other"
"157",1991-09-08,"Prem","Cork CityCork","2","0","The Ryan McBride Brandywell Stadium",1,1,"Derry"
"158",1991-09-14,"Prem","Drogheda UnitedDrogheda","2","0","United Park",0,0,"Other"
"159",1991-09-22,"Prem","Athlone TownAthlone","2","0","The Ryan McBride Brandywell Stadium",1,1,"Derry"
"160",1991-09-29,"Prem","St. Patrick's AthleticSt. Pats","1","0","Richmond Park",0,0,"Other"
"161",1991-10-06,"Prem","Bray WanderersBray","2","0","The Ryan McBride Brandywell Stadium",1,1,"Derry"
"162",1991-10-13,"Prem","ShelbourneShels","0","1","Tolka Park",0,1,"Other"
"163",1991-10-20,"Prem","Sligo RoversSligo","0","0","The Ryan McBride Brandywell Stadium",1,0,"Derry"
"164",1991-10-26,"Prem","Galway United (ex)Galway United","2","0","Terryland Park",0,0,"Other"
"165",1991-10-27,"Prem","DundalkDundalk","0","0","The Ryan McBride Brandywell Stadium",1,0,"Derry"
"166",1991-11-03,"Prem","Shamrock RoversShamrock R","0","0","The Ryan McBride Brandywell Stadium",1,0,"Derry"
"167",1991-11-10,"Prem","Shamrock RoversShamrock R","1","0","Tallaght Stadium",0,0,"Other"
"168",1991-11-17,"Prem","BohemiansBohs","0","1","The Ryan McBride Brandywell Stadium",1,0,"Derry"
"169",1991-11-24,"Prem","Cork CityCork","0","0","Turners Cross",0,0,"Other"
"170",1991-12-01,"Prem","Drogheda UnitedDrogheda","7","1","The Ryan McBride Brandywell Stadium",1,1,"Derry"
"171",1991-12-08,"Prem","Athlone TownAthlone","1","0","Athlone Town Stadium",0,0,"Other"
"172",1991-12-15,"Prem","St. Patrick's AthleticSt. Pats","1","1","The Ryan McBride Brandywell Stadium",1,0,"Derry"
"173",1991-12-22,"Prem","Bray WanderersBray","3","0","Carlisle Grounds",0,0,"Other"
"174",1991-12-28,"Prem","ShelbourneShels","3","2","The Ryan McBride Brandywell Stadium",1,1,"Derry"
"175",1992-01-05,"Prem","Sligo RoversSligo","2","2","The Showgrounds",0,0,"Other"
"176",1992-01-12,"Prem","DundalkDundalk","1","1","Oriel Park",0,0,"Other"
"177",1992-01-19,"Prem","Galway United (ex)Galway United","1","0","The Ryan McBride Brandywell Stadium",1,1,"Derry"
"178",1992-01-26,"Prem","BohemiansBohs","2","1","Dalymount Park",0,0,"Other"
"179",1992-02-02,"Prem","Cork CityCork","0","1","The Ryan McBride Brandywell Stadium",1,0,"Derry"
"180",1992-02-09,"Prem","Drogheda UnitedDrogheda","0","1","United Park",0,1,"Other"
"181",1992-02-23,"Prem","Athlone TownAthlone","2","2","The Ryan McBride Brandywell Stadium",1,0,"Derry"
"182",1992-03-01,"Prem","St. Patrick's AthleticSt. Pats","1","2","Richmond Park",0,1,"Other"
"183",1992-03-15,"Prem","Bray WanderersBray","0","0","The Ryan McBride Brandywell Stadium",1,0,"Derry"
"184",1992-03-17,"Prem","ShelbourneShels","5","0","Tolka Park",0,0,"Other"
"185",1992-03-22,"Prem","Sligo RoversSligo","3","1","The Ryan McBride Brandywell Stadium",1,1,"Derry"
"186",1992-03-29,"Prem","DundalkDundalk","0","2","The Ryan McBride Brandywell Stadium",1,0,"Derry"
"187",1992-04-04,"Prem","Galway United (ex)Galway United","1","1","Terryland Park",0,0,"Other"
"188",1992-04-11,"Prem","Shamrock RoversShamrock R","3","1","The Ryan McBride Brandywell Stadium",1,1,"Derry"
"189",1992-08-30,"Prem","Limerick CityLimerick City","0","0","No Ground",0,0,"Other"
"190",1992-09-05,"Prem","Bray WanderersBray","0","0","The Ryan McBride Brandywell Stadium",1,0,"Derry"
"191",1992-09-11,"Prem","DundalkDundalk","0","0","Oriel Park",0,0,"Other"
"192",1992-09-20,"Prem","Shamrock RoversShamrock R","1","0","The Ryan McBride Brandywell Stadium",1,1,"Derry"
"193",1992-09-25,"Prem","BohemiansBohs","0","0","Dalymount Park",0,0,"Other"
"194",1992-10-04,"Prem","Cork CityCork","0","1","The Ryan McBride Brandywell Stadium",1,0,"Derry"
"195",1992-10-11,"Prem","St. Patrick's AthleticSt. Pats","1","1","Richmond Park",0,0,"Other"
"196",1992-10-18,"Prem","WaterfordWaterford","1","0","The Ryan McBride Brandywell Stadium",1,1,"Derry"
"197",1992-10-24,"Prem","Drogheda UnitedDrogheda","3","1","The Ryan McBride Brandywell Stadium",1,1,"Derry"
"198",1992-10-25,"Prem","Sligo RoversSligo","0","0","The Showgrounds",0,0,"Other"
"199",1992-11-01,"Prem","ShelbourneShels","0","0","The Ryan McBride Brandywell Stadium",1,0,"Derry"
"200",1992-11-06,"Prem","ShelbourneShels","2","1","Tolka Park",0,0,"Other"
"201",1992-11-15,"Prem","Limerick CityLimerick City","1","1","The Ryan McBride Brandywell Stadium",1,0,"Derry"
"202",1992-11-22,"Prem","Bray WanderersBray","2","1","Carlisle Grounds",0,0,"Other"
"203",1992-11-29,"Prem","DundalkDundalk","1","0","The Ryan McBride Brandywell Stadium",1,1,"Derry"
"204",1992-12-06,"Prem","Shamrock RoversShamrock R","2","1","Tallaght Stadium",0,0,"Other"
"205",1992-12-13,"Prem","BohemiansBohs","0","2","The Ryan McBride Brandywell Stadium",1,0,"Derry"
"206",1992-12-20,"Prem","Cork CityCork","1","1","Turners Cross",0,0,"Other"
"207",1992-12-27,"Prem","St. Patrick's AthleticSt. Pats","1","0","The Ryan McBride Brandywell Stadium",1,1,"Derry"
"208",1993-01-03,"Prem","WaterfordWaterford","0","2","Regional Sports Centre",0,1,"Other"
"209",1993-01-10,"Prem","Sligo RoversSligo","0","0","The Ryan McBride Brandywell Stadium",1,0,"Derry"
"210",1993-01-17,"Prem","Drogheda UnitedDrogheda","1","0","United Park",0,0,"Other"
"211",1993-01-24,"Prem","Cork CityCork","1","1","The Ryan McBride Brandywell Stadium",1,0,"Derry"
"212",1993-01-31,"Prem","Limerick CityLimerick City","1","1","No Ground",0,0,"Other"
"213",1993-02-07,"Prem","BohemiansBohs","2","1","The Ryan McBride Brandywell Stadium",1,1,"Derry"
"214",1993-02-21,"Prem","ShelbourneShels","0","2","The Ryan McBride Brandywell Stadium",1,0,"Derry"
"215",1993-02-28,"Prem","DundalkDundalk","1","1","Oriel Park",0,0,"Other"
"216",1993-03-13,"Prem","BohemiansBohs","1","1","Dalymount Park",0,0,"Other"
"217",1993-03-21,"Prem","Limerick CityLimerick City","1","1","The Ryan McBride Brandywell Stadium",1,0,"Derry"
"218",1993-04-04,"Prem","DundalkDundalk","1","0","The Ryan McBride Brandywell Stadium",1,1,"Derry"
"219",1993-04-07,"Prem","Cork CityCork","1","2","Turners Cross",0,1,"Other"
"220",1993-04-11,"Prem","ShelbourneShels","0","1","Tolka Park",0,1,"Other"
"221",1993-08-21,"Prem","Cobh RamblersCobh","2","0","The Ryan McBride Brandywell Stadium",1,1,"Derry"
"222",1993-08-26,"Prem","Monaghan UnitedMonaghan","1","1","Gortakeegan",0,0,"Other"
"223",1993-08-29,"Prem","Cork CityCork","0","1","The Ryan McBride Brandywell Stadium",1,0,"Derry"
"224",1993-09-05,"Prem","ShelbourneShels","0","2","Tolka Park",0,1,"Other"
"225",1993-09-12,"Prem","DundalkDundalk","1","4","The Ryan McBride Brandywell Stadium",1,0,"Derry"
"226",1993-09-18,"Prem","BohemiansBohs","0","2","Dalymount Park",0,1,"Other"
"227",1993-09-26,"Prem","Drogheda UnitedDrogheda","1","1","The Ryan McBride Brandywell Stadium",1,0,"Derry"
"228",1993-10-03,"Prem","St. Patrick's AthleticSt. Pats","0","0","Richmond Park",0,0,"Other"
"229",1993-10-10,"Prem","Shamrock RoversShamrock R","0","0","The Ryan McBride Brandywell Stadium",1,0,"Derry"
"230",1993-10-17,"Prem","Galway UnitedGalway","1","2","Eamonn Deacy Park",0,1,"Other"
"231",1993-10-24,"Prem","LimerickLimerick","0","0","The Ryan McBride Brandywell Stadium",1,0,"Derry"
"232",1993-10-31,"Prem","LimerickLimerick","1","0","Markets Field",0,0,"Other"
"233",1993-11-07,"Prem","Cobh RamblersCobh","3","1","St. Colman's Park",0,0,"Other"
"234",1993-11-14,"Prem","Monaghan UnitedMonaghan","1","0","The Ryan McBride Brandywell Stadium",1,1,"Derry"
"235",1993-11-21,"Prem","Cork CityCork","0","1","Turners Cross",0,1,"Other"
"236",1993-11-28,"Prem","ShelbourneShels","1","4","The Ryan McBride Brandywell Stadium",1,0,"Derry"
"237",1993-12-05,"Prem","DundalkDundalk","2","2","Oriel Park",0,0,"Other"
"238",1993-12-12,"Prem","BohemiansBohs","3","0","The Ryan McBride Brandywell Stadium",1,1,"Derry"
"239",1993-12-19,"Prem","Drogheda UnitedDrogheda","1","0","United Park",0,0,"Other"
"240",1993-12-27,"Prem","St. Patrick's AthleticSt. Pats","2","0","The Ryan McBride Brandywell Stadium",1,1,"Derry"
"241",1994-01-02,"Prem","Shamrock RoversShamrock R","1","0","Tallaght Stadium",0,0,"Other"
"242",1994-01-09,"Prem","Galway UnitedGalway","0","0","The Ryan McBride Brandywell Stadium",1,0,"Derry"
"243",1994-01-16,"Prem","Shamrock RoversShamrock R","1","0","The Ryan McBride Brandywell Stadium",1,1,"Derry"
"244",1994-01-23,"Prem","Cork CityCork","2","4","Turners Cross",0,1,"Other"
"245",1994-01-28,"Prem","ShelbourneShels","1","1","Tolka Park",0,0,"Other"
"246",1994-02-13,"Prem","BohemiansBohs","4","0","The Ryan McBride Brandywell Stadium",1,1,"Derry"
"247",1994-03-05,"Prem","ShelbourneShels","0","0","The Ryan McBride Brandywell Stadium",1,0,"Derry"
"248",1994-03-13,"Prem","Cork CityCork","3","2","The Ryan McBride Brandywell Stadium",1,1,"Derry"
"249",1994-03-17,"Prem","Shamrock RoversShamrock R","0","3","Tallaght Stadium",0,1,"Other"
"250",1994-03-24,"Prem","Galway UnitedGalway","1","1","The Ryan McBride Brandywell Stadium",1,0,"Derry"
"251",1994-03-27,"Prem","Galway UnitedGalway","1","2","Eamonn Deacy Park",0,1,"Other"
"252",1994-04-02,"Prem","BohemiansBohs","3","1","Dalymount Park",0,0,"Other"
"253",1994-08-28,"Prem","ShelbourneShels","1","2","The Ryan McBride Brandywell Stadium",1,0,"Derry"
"254",1994-08-31,"Prem","Sligo RoversSligo","0","0","The Showgrounds",0,0,"Other"
"255",1994-09-04,"Prem","Shamrock RoversShamrock R","0","1","The Ryan McBride Brandywell Stadium",1,0,"Derry"
"256",1994-09-11,"Prem","Cork CityCork","4","2","Turners Cross",0,0,"Other"
"257",1994-09-18,"Prem","Galway UnitedGalway","1","1","The Ryan McBride Brandywell Stadium",1,0,"Derry"
"258",1994-09-24,"Prem","DundalkDundalk","1","1","Oriel Park",0,0,"Other"
"259",1994-10-02,"Prem","BohemiansBohs","1","0","The Ryan McBride Brandywell Stadium",1,1,"Derry"
"260",1994-10-09,"Prem","Monaghan UnitedMonaghan","1","0","Gortakeegan",0,0,"Other"
"261",1994-10-16,"Prem","St. Patrick's AthleticSt. Pats","0","3","The Ryan McBride Brandywell Stadium",1,0,"Derry"
"262",1994-10-23,"Prem","Cobh RamblersCobh","0","0","St. Colman's Park",0,0,"Other"
"263",1994-11-04,"Prem","Athlone TownAthlone","1","0","Athlone Town Stadium",0,0,"Other"
"264",1994-11-06,"Prem","Athlone TownAthlone","2","1","The Ryan McBride Brandywell Stadium",1,1,"Derry"
"265",1994-11-11,"Prem","ShelbourneShels","0","3","Tolka Park",0,1,"Other"
"266",1994-11-20,"Prem","Sligo RoversSligo","4","3","The Ryan McBride Brandywell Stadium",1,1,"Derry"
"267",1994-11-27,"Prem","Shamrock RoversShamrock R","0","4","Tallaght Stadium",0,1,"Other"
"268",1994-12-04,"Prem","Cork CityCork","0","0","The Ryan McBride Brandywell Stadium",1,0,"Derry"
"269",1994-12-10,"Prem","Galway UnitedGalway","4","1","Eamonn Deacy Park",0,0,"Other"
"270",1994-12-18,"Prem","DundalkDundalk","2","0","The Ryan McBride Brandywell Stadium",1,1,"Derry"
"271",1994-12-26,"Prem","BohemiansBohs","0","0","Dalymount Park",0,0,"Other"
"272",1994-12-31,"Prem","Monaghan UnitedMonaghan","2","0","The Ryan McBride Brandywell Stadium",1,1,"Derry"
"273",1995-01-06,"Prem","St. Patrick's AthleticSt. Pats","1","1","Richmond Park",0,0,"Other"
"274",1995-01-15,"Prem","Cobh RamblersCobh","3","1","The Ryan McBride Brandywell Stadium",1,1,"Derry"
"275",1995-02-05,"Prem","Sligo RoversSligo","0","1","The Showgrounds",0,1,"Other"
"276",1995-02-12,"Prem","Shamrock RoversShamrock R","1","0","The Ryan McBride Brandywell Stadium",1,1,"Derry"
"277",1995-02-19,"Prem","Cork CityCork","2","0","Turners Cross",0,0,"Other"
"278",1995-03-05,"Prem","Galway UnitedGalway","2","0","The Ryan McBride Brandywell Stadium",1,1,"Derry"
"279",1995-03-19,"Prem","BohemiansBohs","1","1","The Ryan McBride Brandywell Stadium",1,0,"Derry"
"280",1995-03-23,"Prem","DundalkDundalk","0","2","Oriel Park",0,1,"Other"
"281",1995-03-26,"Prem","Monaghan UnitedMonaghan","5","0","Gortakeegan",0,0,"Other"
"282",1995-04-02,"Prem","St. Patrick's AthleticSt. Pats","2","0","The Ryan McBride Brandywell Stadium",1,1,"Derry"
"283",1995-04-16,"Prem","Cobh RamblersCobh","1","1","St. Colman's Park",0,0,"Other"
"284",1995-04-19,"Prem","ShelbourneShels","2","0","The Ryan McBride Brandywell Stadium",1,1,"Derry"
"285",1995-04-23,"Prem","Athlone TownAthlone","1","1","Athlone Town Stadium",0,0,"Other"
"286",1995-08-27,"Prem","ShelbourneShels","2","1","Tolka Park",0,0,"Other"
"287",1995-09-03,"Prem","Sligo RoversSligo","1","2","The Ryan McBride Brandywell Stadium",1,0,"Derry"
"288",1995-09-10,"Prem","Drogheda UnitedDrogheda","1","0","The Ryan McBride Brandywell Stadium",1,1,"Derry"
"289",1995-09-15,"Prem","St. Patrick's AthleticSt. Pats","3","3","Richmond Park",0,0,"Other"
"290",1995-09-24,"Prem","UCDUCD","3","1","The Ryan McBride Brandywell Stadium",1,1,"Derry"
"291",1995-09-29,"Prem","BohemiansBohs","0","1","Dalymount Park",0,1,"Other"
"292",1995-10-08,"Prem","DundalkDundalk","1","1","The Ryan McBride Brandywell Stadium",1,0,"Derry"
"293",1995-10-14,"Prem","Galway UnitedGalway","1","1","Eamonn Deacy Park",0,0,"Other"
"294",1995-10-22,"Prem","Cork CityCork","2","0","The Ryan McBride Brandywell Stadium",1,1,"Derry"
"295",1995-10-29,"Prem","Shamrock RoversShamrock R","0","2","Tallaght Stadium",0,1,"Other"
"296",1995-11-05,"Prem","Athlone TownAthlone","5","3","The Ryan McBride Brandywell Stadium",1,1,"Derry"
"297",1995-11-10,"Prem","Athlone TownAthlone","1","1","Athlone Town Stadium",0,0,"Other"
"298",1995-11-19,"Prem","ShelbourneShels","1","2","The Ryan McBride Brandywell Stadium",1,0,"Derry"
"299",1995-11-25,"Prem","Sligo RoversSligo","1","1","The Showgrounds",0,0,"Other"
"300",1995-12-01,"Prem","Drogheda UnitedDrogheda","2","2","United Park",0,0,"Other"
"301",1995-12-10,"Prem","St. Patrick's AthleticSt. Pats","5","1","The Ryan McBride Brandywell Stadium",1,1,"Derry"
"302",1995-12-16,"Prem","UCDUCD","0","2","The UCD Bowl",0,1,"Other"
"303",1995-12-31,"Prem","DundalkDundalk","1","2","Oriel Park",0,1,"Other"
